{
  "train_loss": [
    0.10274050198495388,
    0.10035985335707664,
    0.10005498770624399,
    0.10116809606552124,
    0.10888965241611004,
    0.09926389157772064,
    0.09127426519989967,
    0.10340536572039127,
    0.10472836717963219,
    0.10225780867040157,
    0.10411550290882587,
    0.08827077224850655,
    0.10232275910675526,
    0.08773872256278992,
    0.09188329800963402,
    0.08694417215883732,
    0.08974184095859528,
    0.09038638137280941,
    0.08480954170227051,
    0.07206686120480299,
    0.07740425039082766,
    0.0634166207164526,
    0.062058893032372,
    0.05247406894341111,
    0.04586191615089774,
    0.04037760943174362,
    0.04459885787218809,
    0.04637555871158838,
    0.042108587455004454,
    0.03137813042849302
  ],
  "val_loss": [
    0.050211600959300995,
    0.047170743346214294,
    0.045014310628175735,
    0.04975138604640961,
    0.053269676864147186,
    0.04994332790374756,
    0.03955540806055069,
    0.03575466573238373,
    0.05088777095079422,
    0.05450490117073059,
    0.047202643007040024,
    0.02932588756084442,
    0.02754942700266838,
    0.05384301021695137,
    0.0516580194234848,
    0.037838324904441833,
    0.02764343097805977,
    0.025966960936784744,
    0.023058077320456505,
    0.014577483758330345,
    0.024340640753507614,
    0.012973533943295479,
    0.02270057424902916,
    0.01934925653040409,
    0.019258495420217514,
    0.018695050850510597,
    0.013361731544137001,
    0.0393541119992733,
    0.02435222454369068,
    0.025723418220877647
  ],
  "train_acc": [
    0.8359375,
    0.9296875,
    0.9296875,
    0.8828125,
    0.84375,
    0.7109375,
    0.84375,
    0.859375,
    0.75,
    0.4140625,
    0.3671875,
    0.6640625,
    0.78125,
    0.53125,
    0.3203125,
    0.53125,
    0.7890625,
    0.8046875,
    0.7578125,
    0.6875,
    0.6640625,
    0.71875,
    0.7578125,
    0.765625,
    0.8515625,
    0.8203125,
    0.90625,
    0.875,
    0.8515625,
    0.859375
  ],
  "val_acc": [
    1.0,
    1.0,
    1.0,
    1.0,
    1.0,
    1.0,
    1.0,
    1.0,
    0.6086956521739131,
    0.30434782608695654,
    0.7391304347826086,
    0.9130434782608695,
    0.8695652173913043,
    0.391304347826087,
    0.6086956521739131,
    0.9130434782608695,
    1.0,
    0.9565217391304348,
    0.8260869565217391,
    0.9130434782608695,
    0.7391304347826086,
    0.9130434782608695,
    0.8260869565217391,
    0.8695652173913043,
    0.8695652173913043,
    0.8260869565217391,
    0.9130434782608695,
    0.8260869565217391,
    0.8695652173913043,
    0.8695652173913043
  ],
  "lr": [
    0.001,
    0.001,
    0.001,
    0.001,
    0.001,
    0.001,
    0.001,
    0.001,
    0.001,
    0.001,
    0.001,
    0.001,
    0.001,
    0.001,
    0.001,
    0.001,
    0.001,
    0.001,
    0.001,
    0.001,
    0.001,
    0.001,
    0.001,
    0.001,
    0.001,
    0.001,
    0.001,
    0.0005,
    0.0005,
    0.0005
  ],
  "best_epoch": 22
}